[
  {
    "memberId": "AAA01",
    "name": "김",
    "password": "a1234",
    "email": "AAA01@gmail.com",
    "cellphone": "010-1111-1111",
    "regDate": "2024-04-19",
    "regId": "admin"
  },
  {
    "memberId": "BBB02",
    "name": "이",
    "password": "b1234",
    "email": "BBB02@gmail.com",
    "cellphone": "010-2222-2222",
    "regDate": "2024-04-19",
    "regId": "admin"
  },
  {
    "memberId": "CCC03",
    "name": "박",
    "password": "c1234",
    "email": "CCC03@gmail.com",
    "cellphone": "010-3333-3333",
    "regDate": "2024-04-19",
    "regId": "admin"
  }
]